feature,importance
killPlace_team_max,15225523.854333878
walkDistance_match_rank_perc,2678490.3333740234
walkDistance_team_mean,2396796.49559021
killPlace_match_max_ratio,1820578.6564731598
totalDistance_team_min,1772789.470357895
killPlace_match_rank_perc,1473044.828086853
killPlace_match_mean_ratio,1099424.0853290558
kills_match_rank_perc,891675.0607261658
weaponsAcquired_team_mean,758470.4196910858
players_in_match,633790.9698963165
killPlace_team_sum,589733.6553401947
boosts_team_mean,531781.4784660339
totalDistance_match_rank_perc,401544.73194503784
totalDistance_team_mean,372917.3135910034
walkDistance_team_max,368054.9171714783
numGroups,346027.2864303589
killPlace_team_min,329459.6929988861
killPlace,286888.6112537384
walkDistance_team_min,274669.14807891846
group_size,262464.42266464233
killPlace_team_mean,212261.0492362976
totalDistance_match_mean_ratio,202950.75003433228
maxPlace,134106.13612747192
kills_team_min,123971.39162445068
walkDistance_match_mean_ratio,122012.77018737793
matchDuration,115430.25075912476
boosts_team_max,94464.6572341919
groups_in_match,79666.63534545898
weaponsAcquired_team_max,69723.55062866211
weaponsAcquired_team_sum,54043.61196708679
totalDistance_team_max,51383.20484161377
walkDistance,47026.74814605713
kills_team_max,46845.79628753662
heals_team_mean,46442.738147735596
totalDistance,45611.68720626831
kills_team_mean,45046.12105560303
match_type_group,41559.716022491455
kills_match_mean_ratio,35538.87762069702
kills_per_totalDistance,32537.62622833252
DBNOs_team_mean,32439.579067230225
weaponsAcquired_match_rank_perc,21187.369693756104
weaponsAcquired_team_min,20889.8231048584
walkDistance_team_sum,20203.43130493164
walkDistance_match_max_ratio,17746.09183883667
damageDealt_team_sum,17171.214958190918
kills_team_sum,15162.158813476562
boosts_match_rank_perc,14092.662111282349
totalDistance_team_sum,12983.566425323486
damageDealt_match_rank_perc,10711.352210998535
kills_per_walkDistance,10207.9098777771
damageDealt_team_mean,10093.4524269104
items_per_walkDistance,9683.948516845703
boosts_team_sum,9683.853351593018
weaponsAcquired_match_mean_ratio,8743.367496490479
rideDistance,8362.913974761963
DBNOs_team_min,7755.872352600098
totalDistance_match_max_ratio,7670.202220916748
kills_match_max_ratio,7631.251180648804
DBNOs_team_sum,6966.897035598755
damageDealt_team_max,6336.935398101807
swimDistance,5066.993793487549
longestKill,4878.611173629761
DBNOs_team_max,4595.066062927246
damageDealt_match_max_ratio,4491.1162757873535
damage_per_kill,4021.636938095093
rankPoints,3688.280590057373
winPoints,3639.974697113037
boosts_match_mean_ratio,3630.972667694092
killPoints,3170.0904960632324
boosts_team_min,2866.140884399414
heals_team_max,2217.1023139953613
heals_match_rank_perc,2203.7193298339844
killStreaks,1853.4380149841309
damageDealt,1852.9487266540527
weaponsAcquired,1833.5326881408691
boosts_per_walkDistance,1831.4139099121094
revives,1465.9470176696777
heals_match_mean_ratio,1451.9759979248047
weaponsAcquired_match_max_ratio,1148.0636978149414
heals_team_min,1127.5359954833984
heals_per_walkDistance,987.3698997497559
teamKills,811.6211891174316
boosts,699.3209991455078
damageDealt_team_min,628.1898956298828
assists,584.0367965698242
heals_and_boosts,445.2493095397949
damageDealt_match_mean_ratio,437.54400634765625
kills,431.3039855957031
heals_team_sum,381.9337959289551
boosts_match_max_ratio,272.23560333251953
heals,229.0989990234375
DBNOs,205.32939910888672
heals_match_max_ratio,76.66899871826172
headshot_rate,0.0
roadKills,0.0
vehicleDestroys,0.0
headshotKills,0.0
